근거ID,자료구분,주업무유형,연관업무유형,성과명,담당과협업자,추진단계,결과물,효과,출처ID,분류판단,유의사항
E09,업무개선 사례,재무·회계,보고·성과·통계;문서·서식 관리,수입 지출 대시보드와 수입결의서 생성기,김준호 개발; 서원하 지원; 시설 수입담당자 검증,운영 개시와 사용자 검증,HTML 프로그램 사용설명서 백업 예제,자료 표준화 결의서 생성 누적 집계 지원,L04;L05;N06,수입행정 처리와 재정 분석을 연결하는 복합 사례,운영계획 센터별 10~60% 범위는 운영 전 추정; 도입 후 시간 실측 예정
E16,업무개선 사례,재무·회계,문서·서식 관리,이체명세서 자동출력,산울림청소년센터 김준환 김민선 제출,부서와 챌린저 공유 보고,설치형 출력 프로그램,작성과 출력 보조,N07,이체명세서 작성·출력,0초 처리와 연 16.6시간은 산식 기반 주장; 기관 전체 실측효과로 사용하지 않음
E17,업무개선 사례,재무·회계,문서·서식 관리,급량비 자동기안,산울림청소년센터 김준환 김민선 제출,부서 적용과 공유 보고,영수증 정보와 기안자료 생성,영수증 정리와 기안자료 작성 보조,N07,급량비 증빙·기안자료 정리,수기결재 생략을 도구 효과로 일반화하지 않음; 기존 내부 통제와 공식 승인 범위 확인
E11,업무개선 사례,시설·프로그램·서비스 운영,문서·서식 관리,안전교육일지 자동생성,소사청소년센터 김준호 태진호 제출; 개인 역할 추가 확인,부서 배포와 타부서 적용 지원 보고,Excel 데이터로 HWPX 일지 생성,10개 일지 수기 약 20분 → 생성 1분 이내 사례,N03,안전교육 운영 기록이 주목적; 생성 방법은 문서 자동화,10개 일지 작성 사례 조건; 측정일·반복횟수 미기재; 전사 평균 절감률로 일반화하지 않음
E12,업무개선 사례,시설·프로그램·서비스 운영,보고·성과·통계,소사 디지털 출입 기록 S TOUR,소사청소년센터 김준호 태진호 제출; 개인 역할 추가 확인,현장 적용 보고와 개선 검토,QR 출입기록과 통계; NFC 개선 구상,종이기록 재입력 감소,N03,출입 기록과 이용 통계; NFC 변경은 개선 구상,건당 시간 비교 기준 혼재; NFC와 백엔드 변경은 개선안으로 구분
E14,업무개선 사례,시설·프로그램·서비스 운영,문서·서식 관리,출석부 자동생성,부천시여성회관 이지선,자체 테스트와 타부서 테스트 보고,Excel VBA 기반 출석부 생성,파일 병합 수업일 확인 서식 작성 자동화,N08,수강생 출석부 생성; 자체·타부서 테스트 단계,타부서 배포 전; 93.1%는 예상 범위 포함 사례로 전사 실측치 아님
E21,업무개선 사례,시설·프로그램·서비스 운영,보고·성과·통계,청소년카페 회원과 이용관리,상담복지센터 이영운 신홍철 제출,운영 중이라고 제출,키오스크 예약 대기 관리자 통계,수기기록과 시설관리 흐름 통합,N13,카페 입장·예약·대기·통계의 현장 운영 흐름,사용량 비용 성능과 보안 수치는 로그·청구·검토자료 확인 필요
E22,서비스 개발 사례,시설·프로그램·서비스 운영,,시뮬레이션 기반 청년또래상담자,상담복지센터 이영운 신홍철 제출,DB 완료와 결과물 URL 등록,상담 연습용 웹 도구,연습 시나리오 제공,N13;N16,청년또래상담자 상담 연습 시뮬레이션; 직원 교육과 실제 상담 대체 효과로 분류하지 않음,완료 등록과 실제 사용자 검증 구분; 실상담 대체 또는 임상효과로 표현 금지
E26,프로그램 연계 사례,시설·프로그램·서비스 운영,홍보·콘텐츠·기록,라벤더빛 잿빛 도시 시민참여 이벤트,일쉼지원센터 김숙희,운영 결과 보고,퀴즈 웹앱 전자책 안내물,시민 63명 참여 보고,N04,시민참여형 기념행사 웹 이벤트와 연계 콘텐츠,63명은 제출자료 기반; 전사 발표 본문에서는 정성 사례 사용
E28,서비스 개발 사례,시설·프로그램·서비스 운영,홍보·콘텐츠·기록,청소년 존중시민 퀴즈 퀴즈톡,일쉼지원센터 김숙희,베타 배포와 감수 대기 보고,대사 선택형 웹 게임,교육 참여 도구 시제품,N04,청소년 참여형 교육; 베타·감수 대기 단계,최종 감수·확정판 완료로 표현하지 않음
E29,업무개선 사례,시설·프로그램·서비스 운영,보고·성과·통계,감정노동존중주간 운영 웹앱,일쉼지원센터 김숙희,운영 배포 보고,참여기관과 물품 추천 접수 통합,신청자료 취합 흐름 통합,N04,프로그램 신청자료 접수·취합,28개는 전년 규모·설계 기준 포함; 올해 접수 실적 아님
E08,업무개선 사례,보고·성과·통계,문서·서식 관리,KPI 성과관리 시스템,전략경영실,정식 운영 보고,웹 입력 승인 집계 시스템,엑셀 중심 취합을 웹 입력과 확인 흐름으로 전환,N02;N05,KPI 실적의 입력·확인·집계가 주목적,운영 시작일이 제출물 간 다름; 30% 절감·95% 완료·100% 백업·92점 만족도는 목표값
E27,업무개선 사례,보고·성과·통계,홍보·콘텐츠·기록,여성 고용동향 자동 브리프,일쉼지원센터 김숙희,도구 구현 보고,KOSIS API 수집과 보고서 생성,수집 분석 보고서 작성 연결,N04,공공통계 수집·분석·브리프 작성,2~3일→10분은 제출 사례; 동일범위 작업시간·검증시간 확인 필요
E31,시제품·개선과제 사례,보고·성과·통계,문서·서식 관리,월간 업무보고 자동화,이영운 개발; 김지은 지원,기능 구현과 도입방향 조정,입력 내용 HWPX 변환 시제품,서식과 수집체계 재설계 필요성 확인,L06,시제품 구현과 업무구조 재설계; 도입 완료로 바꾸지 않음,전사 배포·실사용 완료로 집계하지 않음
E36,기획 과제,보고·성과·통계,홍보·콘텐츠·기록,센터 홍보실적과 홍보물 취합,소사청소년센터,DB 기획중,기획 등록,홍보자료 취합 개선 구상,N16,홍보실적 취합 구상; 완료·실사용 사례와 구분,완료 결과물과 실제 효과로 집계하지 않음
E15,업무개선 사례,홍보·콘텐츠·기록,문서·서식 관리,보도자료 초안 자동생성,부천시청소년센터 김성애,부서 배포와 사용자 의견 확인,항목 입력형 초안 생성 도구,자주 쓰는 2명과 쓰지 않는 2명 의견 보고,N09,보도자료 초안 작성과 실제 사용 의견,사용자 진술 건당 절감시간 상충; 전사 평균이나 확정 절감률 사용 보류
E20,업무개선 사례,홍보·콘텐츠·기록,시설·프로그램·서비스 운영,사계 부여청 웹 아카이브,부천여성청소년센터 이숙진,공개와 지속 업데이트 보고,전자책 연계 웹페이지,연도 계절 팀별 활동기록 연결,N11,전자책과 활동기록을 아카이브로 연결,웹페이지 방문 실적 미집계; 외부 개발비와 서버비 미발생을 총비용 0원으로 표현하지 않음
E24,콘텐츠 제작 사례,홍보·콘텐츠·기록,시설·프로그램·서비스 운영,국제가사노동자의 날 캠페인,일쉼지원센터 김숙희,공개 결과물 등록,온라인 전시 인쇄물 이미지 설문 연계,캠페인 기록과 콘텐츠 제작 연계,N04;N16,캠페인·전시와 파생 홍보물은 같은 사업 맥락,파생물 수를 각각 독립 프로젝트로 합산하지 않음
E25,콘텐츠 제작 사례,홍보·콘텐츠·기록,시설·프로그램·서비스 운영,맘편한 임산부우선이용,일쉼지원센터 김숙희,DB 완료와 URL 등록,안내 웹페이지,온라인 정보 접근 지원,N16,사업 안내 웹페이지; 접수 시스템으로 단정하지 않음,방문량과 이용자 효과 미확인
E07,공통 기반 사례,규정·윤리·보안,직원 교육·활용지원,AI 활용 윤리 지침,전략경영실과 챌린저,초안 마련과 공동 검토,지침안과 검토 의견,활용 범위와 결과 검토 책임 및 자료관리 기준 설계,L07;N02;N17,지침안과 공동 검토 단계 유지,작업본 제정일 2026.7.00; 승인·시행 확인 전 제정 완료 금지
E19,업무개선 사례,규정·윤리·보안,직원 교육·활용지원,외부활동 신고 AI 챗봇,윤리감사 이정아,최신 제출물 공식 안내 보고,지침 기반 질의응답과 추천 질문,반복 문의 안내 보조,N10,외부활동 신고 기준과 반복 문의 안내,법령과 내부 기준 업데이트 필요; 월30분 절감 산식·원기록 확인 전 확정값 사용 보류
E30,업무개선 사례,규정·윤리·보안,보고·성과·통계,내PC지키미 점검 결과 정리,전략경영실 김지은,적용 보고,PC명과 부서 직원 매칭 자동화,40분→5분; 월2회 약70분 절감 사례,N12,보안점검 결과의 부서·직원 매칭과 정리,측정 반복횟수와 기간 미기재; 담당자 사례로 한정
E06,공통 기반 사례,문서·서식 관리,보고·성과·통계,HWPX 문서 체계 전환,전략경영실과 전 부서,전환 공표와 적용 지원,저장형식 전환 안내와 패치,AI가 활용할 수 있는 문서 기반 정비,N02;N05,기관 문서 체계 전환; E32 변환 도구와 목적·범위를 구분,과거 파일 전체 변환 완료나 사용관행 100% 정착으로 표현하지 않음
E32,공통 도구 사례,문서·서식 관리,보고·성과·통계,HWPX 변환 도구,전략경영실,안내와 결과물 등록,여러 문서형식의 HWPX 변환,문서작성과 변환 지원,N15;N02,업무 문서 변환; E06 전환 체계 사업과 구분,예정 서비스와 기본 서비스 구분; HWPX 체계 전환 사업과 같은 건으로 혼합하지 않음
E10,활용지원 사례,직원 교육·활용지원,홍보·콘텐츠·기록,구글 AI 활용 콘텐츠 다같이 AX챌린저,김지은 기획 진행; 콘텐츠 제작팀 협업,배포와 확산 활동 진행,Gems Notebook AI Studio 실습 콘텐츠,실제 업무 사례를 따라 하는 학습자료 제공,N02;N12;N17,콘텐츠 형식이지만 직원 학습·실무 활용지원이 주목적,목표 학습 40명·이벤트 10명·연 50명은 실제 참여성과 아님
E13,활용지원 사례,직원 교육·활용지원,문서·서식 관리,소사 직원 활용 안내,김준호와 태진호 공동 진행,교육 실시,구글 Workspace와 AI 도구 활용 안내자료,13/15명 참석,N03,김준호·태진호 공동 안내,개인 단독 공적으로 기재하지 않음; 참석률 소수점 차이 대신 인원 사용
E18,활용지원 사례,직원 교육·활용지원,시설·프로그램·서비스 운영,산울림 AI 활용 워크숍,산울림청소년센터 김준환 김민선 제출,활동 실시 보고,도구 소개와 실무 시연,14명 대상 소개와 실습,N07,부서 실무 도구 소개·시연,대상 인원과 참석 실적 구분; 후속 사용 증가 미확정
E23,활용지원 사례,직원 교육·활용지원,활용 현황·수요조사,일쉼 AX 공동실습 워크숍,김숙희 진행; 센터 직원 공동 참여,운영과 사후측정 완료 보고,사전진단 과제 공동실습 사후조사,6명 전원 참여와 실사용 보고; 방법 모름 4→2명,N04,공동실습 전후 진단을 포함하는 직원 지원 활동,6명 자기보고 사례; 전사 일반화와 척도가 다른 조사 직접 효과 비교 금지
E02,조사 사례,활용 현황·수요조사,직원 교육·활용지원,AI 활용성 조사 응답,전략경영실,조사와 분석 완료,설문 결과 분석보고서,113/143명 응답 79.0%,L03 PDF 1·4·5쪽;N05,E03~E05는 같은 조사의 지표로 연결,현재 재직자 수가 아닌 조사 당시 대상 143명 기준
E33,도구모음·확인 필요,세부 업무 확인 필요,보고·성과·통계;홍보·콘텐츠·기록;규정·윤리·보안,전략경영실 연계 보조 도구,전략경영실,목록과 첨부 확인 수준,설문 분석 시각화 채널관리 PC 유틸리티 등,다양한 업무 보조 시도 축적,N15,여러 도구를 묶은 목록이므로 개별 명세·사용상태 확인 후 세분,각 연계 도구의 실행·배포·사용 검증 미실시; 전체 확정 성과 개수에 미합산
