근거ID,자료구분,주업무유형,연관업무유형,분류판단,성과명,담당과협업자,결과물,기준일,추진단계,효과,측정방식,출처ID,발표가능문구,유의사항,중복대조키,발표사용
E01,운영관리,활동 운영,직원 교육·활용지원,개별 사례 목록 밖의 운영 경과,AX 챌린저 운영,전략경영실과 참가자,정기모임과 협업 허브,2026-09-08,운영 중,15명과 10개 부서 참여,9월 경과보고 운영 개요,N02;L02,15명의 챌린저가 부서 내 활용 지원과 실무 TF 개발을 병행했습니다.,부서 수는 9월 보고 기준이며 현 직제와 동일하다고 단정하지 않음,E01,발표 가능
E02,조사 사례,활용 현황·수요조사,직원 교육·활용지원,E03~E05는 같은 조사의 지표로 연결,AI 활용성 조사 응답,전략경영실,설문 결과 분석보고서,2026-07-07,조사와 분석 완료,113/143명 응답 79.0%,6월 10~30일 온라인 익명 설문,L03 PDF 1·4·5쪽;N05,전 직원 대상 조사에 113명이 응답했습니다. 응답률은 79.0%입니다.,현재 재직자 수가 아닌 조사 당시 대상 143명 기준,E02,발표 가능
E03,조사 지표,활용 현황·수요조사,,E02 조사에 포함; 독립 사례로 추가하지 않음,AI 활용 여부,설문 응답자,Q3 응답 빈도,2026-06-30,조사 완료,105/113명 92.9%,업무 활용 여부 자기보고,L03 PDF 8·23쪽,응답자 중 92.9%가 업무에 AI를 활용한다고 답했습니다.,전사 확정 활용률이나 챌린저 사업의 인과적 효과로 해석하지 않음,E03,발표 가능
E04,조사 지표,활용 현황·수요조사,,E02 조사에 포함; 독립 사례로 추가하지 않음,업무 활용 자신감,설문 응답자,Q13 자기평가,2026-06-30,조사 완료,평균 4.96/10점 n=113,0~10점 자기보고 척도,L03 PDF 12·25쪽,활용 자신감은 10점 만점에 평균 4.96점으로 실습과 활용지원이 필요합니다.,객관적 역량평가 결과 아님,E04,발표 가능
E05,조사 지표,활용 현황·수요조사,직원 교육·활용지원,E02 조사에 포함; 독립 사례로 추가하지 않음,학습 지원 수요,설문 응답자,Q15와 Q16 결과,2026-06-30,조사 완료,사례자료 45/113명 39.8%; 실습교육 42/113명 37.2%; 합계 77.0%,단일선택 문항 두 응답 범주 합산,L03 PDF 14·26쪽,응답자는 업무별 사례자료와 실습 중심 교육을 선호했습니다.,학습 영역 1위는 업무 자동화 30.1%; 기존 대본의 프롬프트 1위 표현 수정,E05,발표 가능
E06,공통 기반 사례,문서·서식 관리,보고·성과·통계,기관 문서 체계 전환; E32 변환 도구와 목적·범위를 구분,HWPX 문서 체계 전환,전략경영실과 전 부서,저장형식 전환 안내와 패치,2026-06-08,전환 공표와 적용 지원,AI가 활용할 수 있는 문서 기반 정비,전환 안내 및 경과보고,N02;N05,6월 8일 HWPX 전환을 공표하고 적용을 지원했습니다.,과거 파일 전체 변환 완료나 사용관행 100% 정착으로 표현하지 않음,HWPX체계전환,발표 가능
E07,공통 기반 사례,규정·윤리·보안,직원 교육·활용지원,지침안과 공동 검토 단계 유지,AI 활용 윤리 지침,전략경영실과 챌린저,지침안과 검토 의견,2026-08-27,초안 마련과 공동 검토,활용 범위와 결과 검토 책임 및 자료관리 기준 설계,작업본과 9월 보고 상태 대조,L07;N02;N17,AI 활용 윤리 지침안을 마련하고 현장 의견을 검토했습니다.,작업본 제정일 2026.7.00; 승인·시행 확인 전 제정 완료 금지,E07,발표 가능
E08,업무개선 사례,보고·성과·통계,문서·서식 관리,KPI 실적의 입력·확인·집계가 주목적,KPI 성과관리 시스템,전략경영실,웹 입력 승인 집계 시스템,2026-09-08,정식 운영 보고,엑셀 중심 취합을 웹 입력과 확인 흐름으로 전환,9월 경과보고와 부서 제출물,N02;N05,KPI 실적 입력과 확인 집계 흐름을 웹 시스템으로 전환했습니다.,운영 시작일이 제출물 간 다름; 30% 절감·95% 완료·100% 백업·92점 만족도는 목표값,KPI시스템,발표 가능
E09,업무개선 사례,재무·회계,보고·성과·통계;문서·서식 관리,수입행정 처리와 재정 분석을 연결하는 복합 사례,수입 지출 대시보드와 수입결의서 생성기,김준호 개발; 서원하 지원; 시설 수입담당자 검증,HTML 프로그램 사용설명서 백업 예제,2026-09-01,운영 개시와 사용자 검증,자료 표준화 결의서 생성 누적 집계 지원,공식 운영계획 및 시행 알림,L04;L05;N06,수입 지출 환불 자료를 공통 구조로 정리하고 수입결의서 생성과 실적 분석을 연결했습니다.,운영계획 센터별 10~60% 범위는 운영 전 추정; 도입 후 시간 실측 예정,수입대시보드,발표 가능
E10,활용지원 사례,직원 교육·활용지원,홍보·콘텐츠·기록,콘텐츠 형식이지만 직원 학습·실무 활용지원이 주목적,구글 AI 활용 콘텐츠 다같이 AX챌린저,김지은 기획 진행; 콘텐츠 제작팀 협업,Gems Notebook AI Studio 실습 콘텐츠,2026-09-08,배포와 확산 활동 진행,실제 업무 사례를 따라 하는 학습자료 제공,부서 제출물 배포일과 활동계획,N02;N12;N17,구글 AI 활용법을 재단 업무 사례로 따라 할 수 있는 콘텐츠로 배포했습니다.,목표 학습 40명·이벤트 10명·연 50명은 실제 참여성과 아님,구글AI콘텐츠,발표 가능
E11,업무개선 사례,시설·프로그램·서비스 운영,문서·서식 관리,안전교육 운영 기록이 주목적; 생성 방법은 문서 자동화,안전교육일지 자동생성,소사청소년센터 김준호 태진호 제출; 개인 역할 추가 확인,Excel 데이터로 HWPX 일지 생성,2026-09-10,부서 배포와 타부서 적용 지원 보고,10개 일지 수기 약 20분 → 생성 1분 이내 사례,제출물의 직접 시간측정 서술,N03,이미 작성한 안전교육대장 데이터를 활용해 일지를 다시 입력하는 작업을 줄였습니다.,10개 일지 작성 사례 조건; 측정일·반복횟수 미기재; 전사 평균 절감률로 일반화하지 않음,안전교육일지,발표 가능
E12,업무개선 사례,시설·프로그램·서비스 운영,보고·성과·통계,출입 기록과 이용 통계; NFC 변경은 개선 구상,소사 디지털 출입 기록 S TOUR,소사청소년센터 김준호 태진호 제출; 개인 역할 추가 확인,QR 출입기록과 통계; NFC 개선 구상,2026-09-10,현장 적용 보고와 개선 검토,종이기록 재입력 감소,운영 인터뷰와 제출물,N03,출입기록을 디지털로 남겨 사후 재입력과 통계 작업을 줄이는 시도를 했습니다.,건당 시간 비교 기준 혼재; NFC와 백엔드 변경은 개선안으로 구분,소사출입,발표 가능
E13,활용지원 사례,직원 교육·활용지원,문서·서식 관리,김준호·태진호 공동 안내,소사 직원 활용 안내,김준호와 태진호 공동 진행,구글 Workspace와 AI 도구 활용 안내자료,2026-06-17,교육 실시,13/15명 참석,제출물 참여 인원 기록,N03,김준호 태진호 챌린저가 함께 동료에게 구글과 AI 활용법을 안내했습니다.,개인 단독 공적으로 기재하지 않음; 참석률 소수점 차이 대신 인원 사용,소사교육,발표 가능
E14,업무개선 사례,시설·프로그램·서비스 운영,문서·서식 관리,수강생 출석부 생성; 자체·타부서 테스트 단계,출석부 자동생성,부천시여성회관 이지선,Excel VBA 기반 출석부 생성,2026-10-04 확인,자체 테스트와 타부서 테스트 보고,파일 병합 수업일 확인 서식 작성 자동화,제출물 테스트 결과,N08,강좌 접수자료를 정리해 출석부를 만드는 반복 작업을 자동화했습니다.,타부서 배포 전; 93.1%는 예상 범위 포함 사례로 전사 실측치 아님,여성회관출석부,발표 가능
E15,업무개선 사례,홍보·콘텐츠·기록,문서·서식 관리,보도자료 초안 작성과 실제 사용 의견,보도자료 초안 자동생성,부천시청소년센터 김성애,항목 입력형 초안 생성 도구,2026-10-04 확인,부서 배포와 사용자 의견 확인,자주 쓰는 2명과 쓰지 않는 2명 의견 보고,직원 사용경험 의견,N09,보도자료 초안 생성기를 배포하고 실제 사용자의 편의성과 미사용 이유를 확인했습니다.,사용자 진술 건당 절감시간 상충; 전사 평균이나 확정 절감률 사용 보류,보도자료,발표 가능
E16,업무개선 사례,재무·회계,문서·서식 관리,이체명세서 작성·출력,이체명세서 자동출력,산울림청소년센터 김준환 김민선 제출,설치형 출력 프로그램,2026-10-04 확인,부서와 챌린저 공유 보고,작성과 출력 보조,부서 제출물,N07,이체명세서 작성과 출력의 반복 작업을 줄이는 도구를 제작했습니다.,0초 처리와 연 16.6시간은 산식 기반 주장; 기관 전체 실측효과로 사용하지 않음,이체명세서,발표 가능
E17,업무개선 사례,재무·회계,문서·서식 관리,급량비 증빙·기안자료 정리,급량비 자동기안,산울림청소년센터 김준환 김민선 제출,영수증 정보와 기안자료 생성,2026-10-04 확인,부서 적용과 공유 보고,영수증 정리와 기안자료 작성 보조,부서 제출물,N07,급량비 서류 작성에 필요한 정보를 정리하는 자동화 도구를 제작했습니다.,수기결재 생략을 도구 효과로 일반화하지 않음; 기존 내부 통제와 공식 승인 범위 확인,급량비,발표 가능
E18,활용지원 사례,직원 교육·활용지원,시설·프로그램·서비스 운영,부서 실무 도구 소개·시연,산울림 AI 활용 워크숍,산울림청소년센터 김준환 김민선 제출,도구 소개와 실무 시연,2026-10-04 확인,활동 실시 보고,14명 대상 소개와 실습,활동 제출물,N07,부서에서 활용 가능한 도구를 소개하고 실무 사례로 사용법을 공유했습니다.,대상 인원과 참석 실적 구분; 후속 사용 증가 미확정,산울림교육,발표 가능
E19,업무개선 사례,규정·윤리·보안,직원 교육·활용지원,외부활동 신고 기준과 반복 문의 안내,외부활동 신고 AI 챗봇,윤리감사 이정아,지침 기반 질의응답과 추천 질문,2026-10-04 확인,최신 제출물 공식 안내 보고,반복 문의 안내 보조,최신 사례 본문과 구버전 대조,N10,외부활동 신고 관련 반복 문의를 돕는 챗봇을 만들고 사용 장벽과 오류를 보완했습니다.,법령과 내부 기준 업데이트 필요; 월30분 절감 산식·원기록 확인 전 확정값 사용 보류,외부활동챗봇,발표 가능
E20,업무개선 사례,홍보·콘텐츠·기록,시설·프로그램·서비스 운영,전자책과 활동기록을 아카이브로 연결,사계 부여청 웹 아카이브,부천여성청소년센터 이숙진,전자책 연계 웹페이지,2026-10-04 확인,공개와 지속 업데이트 보고,연도 계절 팀별 활동기록 연결,제출물과 결과물 URL,N11,분산된 전자책과 활동기록을 웹 아카이브로 연결했습니다.,웹페이지 방문 실적 미집계; 외부 개발비와 서버비 미발생을 총비용 0원으로 표현하지 않음,사계부여청,발표 가능
E21,업무개선 사례,시설·프로그램·서비스 운영,보고·성과·통계,카페 입장·예약·대기·통계의 현장 운영 흐름,청소년카페 회원과 이용관리,상담복지센터 이영운 신홍철 제출,키오스크 예약 대기 관리자 통계,2026-10-04 확인,운영 중이라고 제출,수기기록과 시설관리 흐름 통합,종합 제출물과 개별 등록 대조,N13,청소년카페의 입장 예약 대기와 통계를 현장 운영 흐름에 맞춰 연결했습니다.,사용량 비용 성능과 보안 수치는 로그·청구·검토자료 확인 필요,청소년카페,발표 가능
E22,서비스 개발 사례,시설·프로그램·서비스 운영,,청년또래상담자 상담 연습 시뮬레이션; 직원 교육과 실제 상담 대체 효과로 분류하지 않음,시뮬레이션 기반 청년또래상담자,상담복지센터 이영운 신홍철 제출,상담 연습용 웹 도구,2026-10-04 확인,DB 완료와 결과물 URL 등록,연습 시나리오 제공,개별 등록 및 종합 제출,N13;N16,상담 연습을 위한 시뮬레이션 도구를 개발했습니다.,완료 등록과 실제 사용자 검증 구분; 실상담 대체 또는 임상효과로 표현 금지,또래상담,발표 가능
E23,활용지원 사례,직원 교육·활용지원,활용 현황·수요조사,공동실습 전후 진단을 포함하는 직원 지원 활동,일쉼 AX 공동실습 워크숍,김숙희 진행; 센터 직원 공동 참여,사전진단 과제 공동실습 사후조사,2026-08 사후,운영과 사후측정 완료 보고,6명 전원 참여와 실사용 보고; 방법 모름 4→2명,센터 소표본 자기보고,N04,일쉼지원센터는 6명이 함께 실습하고 사후 변화를 확인했습니다.,6명 자기보고 사례; 전사 일반화와 척도가 다른 조사 직접 효과 비교 금지,일쉼교육,발표 가능
E24,콘텐츠 제작 사례,홍보·콘텐츠·기록,시설·프로그램·서비스 운영,캠페인·전시와 파생 홍보물은 같은 사업 맥락,국제가사노동자의 날 캠페인,일쉼지원센터 김숙희,온라인 전시 인쇄물 이미지 설문 연계,2026-10-04 확인,공개 결과물 등록,캠페인 기록과 콘텐츠 제작 연계,제출물과 공개 URL,N04;N16,캠페인 전시와 여러 홍보물을 내부에서 기획 제작했습니다.,파생물 수를 각각 독립 프로젝트로 합산하지 않음,국제가사캠페인,발표 가능
E25,콘텐츠 제작 사례,홍보·콘텐츠·기록,시설·프로그램·서비스 운영,사업 안내 웹페이지; 접수 시스템으로 단정하지 않음,맘편한 임산부우선이용,일쉼지원센터 김숙희,안내 웹페이지,2026-10-04 확인,DB 완료와 URL 등록,온라인 정보 접근 지원,개별 결과물 등록,N16,사업 안내 내용을 웹페이지로 제공했습니다.,방문량과 이용자 효과 미확인,맘편한,발표 가능
E26,프로그램 연계 사례,시설·프로그램·서비스 운영,홍보·콘텐츠·기록,시민참여형 기념행사 웹 이벤트와 연계 콘텐츠,라벤더빛 잿빛 도시 시민참여 이벤트,일쉼지원센터 김숙희,퀴즈 웹앱 전자책 안내물,2026-10-04 확인,운영 결과 보고,시민 63명 참여 보고,제출물의 참여기록 서술,N04,센터 기념행사를 시민이 참여하는 웹 이벤트로 구현했습니다.,63명은 제출자료 기반; 전사 발표 본문에서는 정성 사례 사용,라벤더이벤트,발표 가능
E27,업무개선 사례,보고·성과·통계,홍보·콘텐츠·기록,공공통계 수집·분석·브리프 작성,여성 고용동향 자동 브리프,일쉼지원센터 김숙희,KOSIS API 수집과 보고서 생성,2026-10-04 확인,도구 구현 보고,수집 분석 보고서 작성 연결,작업시간 비교 제출 서술,N04,공공 통계 수집과 분석 보고서 생성을 자동화하는 도구를 개발했습니다.,2~3일→10분은 제출 사례; 동일범위 작업시간·검증시간 확인 필요,고용브리프,발표 가능
E28,서비스 개발 사례,시설·프로그램·서비스 운영,홍보·콘텐츠·기록,청소년 참여형 교육; 베타·감수 대기 단계,청소년 존중시민 퀴즈 퀴즈톡,일쉼지원센터 김숙희,대사 선택형 웹 게임,2026-09-04 배포,베타 배포와 감수 대기 보고,교육 참여 도구 시제품,제출물의 배포와 테스트 기록,N04,청소년 참여형 교육도구를 베타로 제작해 검토하고 있습니다.,최종 감수·확정판 완료로 표현하지 않음,퀴즈톡,발표 가능
E29,업무개선 사례,시설·프로그램·서비스 운영,보고·성과·통계,프로그램 신청자료 접수·취합,감정노동존중주간 운영 웹앱,일쉼지원센터 김숙희,참여기관과 물품 추천 접수 통합,2026-10-04 확인,운영 배포 보고,신청자료 취합 흐름 통합,제출물의 실물 제출 검증 설명,N04,여러 신청을 한 접수 흐름으로 연결하는 운영 웹앱을 제작했습니다.,28개는 전년 규모·설계 기준 포함; 올해 접수 실적 아님,존중주간접수,발표 가능
E30,업무개선 사례,규정·윤리·보안,보고·성과·통계,보안점검 결과의 부서·직원 매칭과 정리,내PC지키미 점검 결과 정리,전략경영실 김지은,PC명과 부서 직원 매칭 자동화,2026-10-04 확인,적용 보고,40분→5분; 월2회 약70분 절감 사례,제출물 직접 시간 측정 서술,N12,보안점검 결과를 정리하는 반복 작업을 자동화했습니다.,측정 반복횟수와 기간 미기재; 담당자 사례로 한정,PC점검,발표 가능
E31,시제품·개선과제 사례,보고·성과·통계,문서·서식 관리,시제품 구현과 업무구조 재설계; 도입 완료로 바꾸지 않음,월간 업무보고 자동화,이영운 개발; 김지은 지원,입력 내용 HWPX 변환 시제품,2026-09-14 자료,기능 구현과 도입방향 조정,서식과 수집체계 재설계 필요성 확인,경과 및 결과 보고서,L06,시제품을 통해 자동화 전에 보고 서식을 단순화해야 한다는 개선과제를 확인했습니다.,전사 배포·실사용 완료로 집계하지 않음,월간보고,발표 가능
E32,공통 도구 사례,문서·서식 관리,보고·성과·통계,업무 문서 변환; E06 전환 체계 사업과 구분,HWPX 변환 도구,전략경영실,여러 문서형식의 HWPX 변환,2026-10-04 확인,안내와 결과물 등록,문서작성과 변환 지원,서비스 목록과 9월 보고,N15;N02,AI로 작성한 내용을 업무 문서로 옮길 수 있는 변환 도구를 안내했습니다.,예정 서비스와 기본 서비스 구분; HWPX 체계 전환 사업과 같은 건으로 혼합하지 않음,HWPX변환도구,발표 가능
E33,도구모음·확인 필요,세부 업무 확인 필요,보고·성과·통계;홍보·콘텐츠·기록;규정·윤리·보안,여러 도구를 묶은 목록이므로 개별 명세·사용상태 확인 후 세분,전략경영실 연계 보조 도구,전략경영실,설문 분석 시각화 채널관리 PC 유틸리티 등,2026-10-04 확인,목록과 첨부 확인 수준,다양한 업무 보조 시도 축적,도구모음 페이지 제목과 첨부 목록,N15,업무별 보조 도구와 개발 시도를 협업 허브에 축적했습니다.,각 연계 도구의 실행·배포·사용 검증 미실시; 전체 확정 성과 개수에 미합산,전략보조도구,근거표만 수록
E34,활용 여건 메모,활용 현황·수요조사,직원 교육·활용지원,완료 결과물로 소개하지 않으며 별도 운영 여건 참고,건강가정지원센터 활용 여건,건강가정지원센터,보고서 활용과 진입장벽 관련 메모,2026-10-04 확인,운영 메모,기존 시스템 활용과 온보딩 지원 수요,허브 별도 페이지,N14,부서별 업무환경에 맞는 활용 지원이 필요합니다.,독립 완료 결과물 근거가 없어 미제출·실패로 단정하지 않음,건강가정메모,운영 여건 참고
E35,차년도 검토안,활동 운영,규정·윤리·보안;직원 교육·활용지원,2027년 예산요구·추진 검토안; 당해 완료 사례에서 제외,2027 AX시스템 고도화 예산요구,전략경영실,2027 세부사업계획안,2026-08-21,예산요구와 사업계획 검토,요구액 12000천원,예산요구액과 추진계획 원문,L08,2027년에는 자체개발과 시스템 운영 고도화를 함께 검토합니다.,1200만원은 승인예산 아님; 본 발표화면 기본안에는 금액 생략,2027계획,차년도 검토안
E36,기획 과제,보고·성과·통계,홍보·콘텐츠·기록,홍보실적 취합 구상; 완료·실사용 사례와 구분,센터 홍보실적과 홍보물 취합,소사청소년센터,기획 등록,2026-10-04 확인,DB 기획중,홍보자료 취합 개선 구상,DB 상태만 확인,N16,홍보자료 취합을 개선할 과제도 발굴했습니다.,완료 결과물과 실제 효과로 집계하지 않음,소사홍보취합,근거표만 수록
E37,참여자 명단,활동 운영,,전원 소개 자료; 사례 수에 합산하지 않음,AX 챌린저 전원 소개 명단,10개 부서의 AX 챌린저,소속과 성명 15명,2026-10-04 대조,로컬 명단과 노션 허브 일치,전원 소속과 성명 소개,이름 15명과 부서 10곳 대조,L14;N01,10개 부서 15명의 AX 챌린저를 모두 소개합니다.,당일 참석·이동 여부는 별도 확인. 명단의 연락처는 발표자료에 옮기지 않음,전원소개명단,S3 전원 소개
